"['fasttext-wiki-news-subwords-300,999999,74,80,0.925']"
"['glove-twitter-200,1193514,44,78,0.5641025641025641']"
"['glove-wiki-gigaword-200,400000,68,80,0.85']"
"['glove-twitter-25,1193514,36,78,0.46153846153846156']"
"['glove-twitter-50,1193514,36,78,0.46153846153846156']"
"['random-baseline,0.2875']"
"['human-gold-standard,0.8557']"
